<?xml version="1.0" encoding="UTF-8"?>
<project-private xmlns="http://www.netbeans.org/ns/project-private/1">
    <editor-bookmarks xmlns="http://www.netbeans.org/ns/editor-bookmarks/2" lastBookmarkId="0"/>
    <open-files xmlns="http://www.netbeans.org/ns/projectui-open-files/2">
        <group>
            <file>file:/C:/Users/EBC%20KOMPUTER/Documents/NetBeansProjects/ProjekAkhir_Pemvis/src/projekakhir_pemvis/VarianProduk.java</file>
            <file>file:/C:/Users/EBC%20KOMPUTER/Documents/NetBeansProjects/ProjekAkhir_Pemvis/src/projekakhir_pemvis/TradisiWare.java</file>
            <file>file:/C:/Users/EBC%20KOMPUTER/Documents/NetBeansProjects/ProjekAkhir_Pemvis/src/projekakhir_pemvis/User.java</file>
        </group>
    </open-files>
</project-private>
